<!DOCTYPE hibernate-configuration SYSTEM "hibernate-configuration-3.0.dtd">
<hibernate-configuration>
    <session-factory>
        <!-- JDBC Database connection settings -->
        <property name="hibernate.connection.driver_class">com.mysql.cj.jdbc.Driver</property>
        <property name="hibernate.connection.url">jdbc:mysql://localhost:3306/mydb</property>
        <property name="hibernate.connection.username">root</property>
        <property name="hibernate.connection.password">2004</property>

        <!-- Hibernate Search configuration -->
        <property name="hibernate.search.backend.type">lucene</property>
        <property name="hibernate.search.backend.directory.type">local-heap</property>
        <property name="hibernate.search.backend.lucene_version">8.11.2</property>

        <!-- Désactiver les vérifications de configuration -->
        <property name="hibernate.search.configuration_property_checking.strategy">ignore</property>
  
        <!-- Hibernate settings -->
        <property name="hibernate.dialect">org.hibernate.dialect.MySQL8Dialect</property>
        <property name="hibernate.show_sql">true</property>
        <property name="hibernate.hbm2ddl.auto">update</property>

        <!-- Mapping des entités -->
        <mapping class="travail.Test" />
        <mapping class="travail.Examen" />
        <mapping class="travail.Type" />
        <mapping class="travail.Adresse" />
        <mapping class="travail.Employe" />
        <mapping class="travail.Technicien" />
        <mapping class="travail.Pilote" />
        <mapping class="travail.Avion" />
        <mapping class="travail.AvionTest" />
        <mapping class="travail.Examination" />
        <mapping class="travail.Piloter" />
        <mapping class="travail.Specialisation" />
        <mapping class="travail.Qualification" />
        <mapping class="travail.Reparation" />

    </session-factory>
</hibernate-configuration>
